id,service_id,location_id,description
,135836,135831,
,132741,132736,
,108216,131331,
,129441,129431,
,,129426,
,129071,129066,
,127461,127456,
,127216,127211,
,127206,127201,
,127186,127181,
,127176,127171,
,127166,127161,
,127156,127151,
,127061,127056,
,127051,127046,
,,125091,
,124276,124271,
,122701,122696,
,120306,120291,
,120061,120051,
,116931,116926,
,,116846,
,115961,115956,
,113196,113191,
,,111926,
,,111816,
,,111236,
,110956,110951,
,110896,110891,
,,107056,
,107096,107051,
,106706,106701,
,105921,105911,
,"97546,Unnamed record",97541,
,,95461,
,95456,95451,
,,93656,
,91721,91716,
,91706,91701,
,91691,91686,
,91696,91681,
,91051,91046,
,,90821,
,,90816,
,,90811,
,90536,90531,
,91326,90261,
,89636,89631,
,"89016,89006",88961,
,88501,88496,
,86836,86811,
,,85656,
,90346,76556,
,64196,64191,
,64186,64181,
,64176,63851,
,63846,63841,
,63516,63511,
,54736,54731,
,54726,54721,
,54716,54711,
,54696,54691,
,54681,54671,
,54341,54331,
,53951,53946,
,52971,52966,
,51961,51956,
,51936,51931,
,51906,51901,
,51871,51866,
,51846,51841,
,51821,51816,
,,51806,
,51751,51746,
,51731,51726,
,51716,51711,
,51706,51696,
,51671,51666,
,51616,51606,
,51536,51531,
,51511,51506,
,51501,51496,
,51491,51486,
,51466,51461,
,51451,51446,
,51456,51436,
,51416,51406,
,51401,51396,
,51371,51366,
,51341,51336,
,51331,51326,
,51291,51286,
,51271,51266,
,51251,51246,
,51236,51231,
,51196,51191,
,51181,51171,
,51156,51146,
,,50811,
,50616,50556,
,49931,49926,
,49916,49911,
,49901,49896,
,49891,49886,
,49881,49876,
,49871,49866,
,49861,49846,
,49816,49796,
,49771,49751,
,49741,49736,
,49726,49721,
,49646,49641,
,49636,49631,
,49626,49606,
,49591,49586,
,49411,49406,
,49416,49401,
,49391,49386,
,49381,49376,
,49371,49366,
,49361,49356,
,49351,49346,
,49336,49331,
,49326,49321,
,38446,38441,
,38396,38381,
,37816,37801,
,,37756,
,37366,37361,
,37356,37351,
,37346,37341,
,37281,37276,
,37271,37266,
,36856,36841,
,36796,36786,
,36776,36771,
,36751,36746,
,36721,36716,
,36706,36701,
,36691,36686,
,60891,36646,
,36636,36621,
,36551,36546,
,36536,36531,
,36516,36511,
,36506,36501,
,36451,36446,
,36436,36431,
,36416,36406,
,36181,36171,
,36176,36166,
,36161,36156,
,36151,36146,
,36141,36136,
,29821,36126,
,36116,36111,
,,35981,
,34991,34986,
,34976,34971,
,34961,34956,
,34926,34921,
,33921,33846,
,33871,32771,
,61871,32766,
,31751,31406,
,31741,31396,
,30246,30241,
,30301,30051,
,30046,30041,
,30031,30026,
,30016,30011,
,30006,30001,
,29991,29986,
,29976,29971,
,29966,29956,
,29941,29936,
,29906,29891,
,,29501,
,"30116,30111,30106,29566,29561",29391,
,29126,29116,
,28871,28866,
,28721,28716,
,"86921,28501,28496",28481,
,32166,27801,
,49396,27806,
,,27811,
,,27816,
,,27821,
,,27826,
,51596,27551,
,29701,27561,
,,27566,
,51646,27571,
,,27576,
,,27581,
,,27586,
,,27591,
,,27596,
,51661,27601,
,,27606,
,,27611,
,68066,27616,
,51081,27621,
,50661,27626,
,50631,27631,
,,27636,
,,27641,
,33881,27646,
,,27651,
,,27656,
,"50346,50316,50156",27671,
,,27681,
,,27686,
,,27691,
,,27696,
,,27701,
,,27706,
,36566,27711,
,,27716,
,,27721,
,"94711,94706",27726,
,50456,27731,
,,27736,
,,27741,
,49941,27746,
,49936,27751,
,33876,27756,
,36556,27761,
,,27766,
,67401,27771,
,49921,27776,
,49906,27781,
,68056,27786,
,36526,27791,
,61876,27796,
,51361,27301,
,51421,27306,
,51426,27311,
,36541,27316,
,34966,27321,
,,27326,
,,27331,
,,27336,
,34981,27341,
,51431,27346,
,51476,27351,
,,27356,
,,27361,
,"101146,100171,31706,31686,31631,29511",27366,
,,27371,
,,27376,
,68076,27381,
,,27386,
,68086,27391,
,,27396,
,,27401,
,,27406,
,,27411,
,51516,27416,
,,27421,
,,27426,
,,27431,
,68071,27436,
,51521,27441,
,51526,27446,
,,27451,
,51721,27456,
,36371,27461,
,51546,27466,
,,27476,
,,27481,
,84526,27486,
,,27491,
,,27496,
,51551,27501,
,51556,27506,
,,27511,
,51561,27516,
,,27521,
,,27526,
,51576,27531,
,51586,27536,
,,27546,
,,27051,
,93286,27056,
,,27061,
,,27066,
,68081,27071,
,,27081,
,,27086,
,50781,27091,
,51136,27096,
,50861,27101,
,"32796,30066,30061,30056,30036,30021,29926,29866,29856,29801,29791",27106,
,68096,27111,
,50931,27116,
,50981,27131,
,,27136,
,,27141,
,,27151,
,51036,27156,
,"83176,83171",27161,
,92921,27166,
,,27171,
,51226,27176,
,,27181,
,"99161,28856,28851,28846,28841,28836,28831,28776",27186,
,,27191,
,68091,27196,
,,27201,
,51241,27206,
,,27211,
,51281,27216,
,,27221,
,,27226,
,,27231,
,,27236,
,,27241,
,,27246,
,,27251,
,51301,27256,
,51306,27261,
,51316,27266,
,,27271,
,51321,27276,
,,27281,
,51346,27286,
,51351,27291,
,51356,27296,
,36426,26801,
,,26806,
,36441,26811,
,36346,26816,
,36376,26821,
,36571,26826,
,,26831,
,,26836,
,,26841,
,,26846,
,36351,26851,
,36356,26856,
,,26861,
,36361,26866,
,,26871,
,,26876,
,37711,26881,
,37736,26886,
,,26891,
,,26896,
,,26901,
,,26906,
,,26911,
,,26916,
,,26921,
,,26926,
,,26931,
,,26936,
,,26946,
,,26956,
,76936,26961,
,,26966,
,,26971,
,,26976,
,,26981,
,,26986,
,,26991,
,38291,26996,
,77271,27001,
,50206,27011,
,50226,27016,
,50241,27021,
,,27026,
,,27031,
,,27036,
,,27041,
,50281,27046,
,,26551,
,,26556,
,34951,26561,
,,26566,
,,26571,
,,26576,
,36006,26581,
,36096,26586,
,36186,26596,
,111176,26601,
,,26606,
,,26611,
,68426,26616,
,,26621,
,,26626,
,,26631,
,36421,26636,
,36711,26641,
,,26646,
,,26651,
,,26656,
,36731,26661,
,,26666,
,36341,26671,
,,26676,
,,26681,
,"32201,32191,32186",26686,
,,26691,
,37261,26696,
,,26701,
,"37651,37636",26706,
,68101,26711,
,,26716,
,37291,26721,
,37316,26726,
,,26731,
,37321,26736,
,,26741,
,,26746,
,"101806,53301,53296",26751,
,86981,26756,
,"49961,49956,49951,49946",26761,
,,26766,
,,26771,
,,26776,
,37331,26781,
,,26786,
,93946,26791,
,37336,26796,
,,26301,
,,26306,
,,26311,
,,26321,
,,26326,
,29416,26331,
,34901,26336,
,,26341,
,29421,26346,
,,26351,
,,26356,
,,26361,
,,26366,
,,26371,
,,26376,
,,26381,
,,26386,
,34916,26391,
,35071,26396,
,35081,26406,
,,26411,
,,26416,
,"51911,36001",26421,
,,26426,
,36326,26431,
,29201,26436,
,36331,26441,
,,26446,
,"84361,84321",26451,
,,26456,
,37111,26461,
,,26466,
,,26471,
,,26476,
,,26481,
,36336,26486,
,,26491,
,,26496,
,,26501,
,"35076,35066,29436",26506,
,,26511,
,"91161,37436",26516,
,"38491,33851",26521,
,,26526,
,"49316,49311,49306,28706",26531,
,,26536,
,,26541,
,,26546,
,"30101,29631,29551,29546",26206,
,"30146,30141,30136",26211,
,"30211,30186,29601",26216,
,"30226,29611",26221,
,"30181,30176,29596,29591",26226,
,"30156,30151,29581",26231,
,"30131,30126,30121",26236,
,"30171,30166,29586",26241,
,"30256,30251,29556,29396",26246,
,"30236,30231,28806",26251,
,"51276,51261,51256,30096,30091,29541,29531",26261,
,29111,26266,
,77276,26271,
,50351,26276,
,,26281,
,,25956,
,,25961,
,29196,25966,
,,25971,
,29191,25976,
,,25981,
,68751,25986,
,"38481,33956,33896",25996,
,33926,26001,
,"38496,38476,38471,38466,38461,33961",26006,
,"38486,33941",26011,
,33916,26016,
,,26026,
,49341,26031,
,29206,26036,
,29211,26041,
,28751,26066,
,28711,26076,
,,26086,
,29881,26101,
,29836,26111,
,29811,26116,
,29846,26126,
,"107741,29231",26131,
,"107746,29236",26136,
,"29471,29226",26141,
,107751,26146,
,"107756,29246",26151,
,107761,26156,
,50306,26161,
,29096,26166,
,28876,26176,
