id,location_id,service_id,organization_id,contact_id,service_at_location_id,number,extension,type,language,description
,135831,,,,,847-392-0100,,,,
,132736,,,,,(312) 341-1070,,,,
,131331,,,,,(855) 452-3526,,,,
,129431,,,,,(312) 745-1133,,,,
,129426,,,,,(312) 745-1133,,,,
,129066,,,,,(847) 448-8600,,,,
,127456,,,,,(347) 850-2656,,,,
,127211,,,,,(217) 626-1553,,,,
,127201,,,,,(217) 476-3417,,,,
,127181,,,,,(217) 626-1553,,,,
,127171,,,,,(217) 476-3417,,,,
,127161,,,,,(217) 626-1553,,,,
,127151,,,,,(217) 476-3417,,,,
,127056,,,,,(217) 476-3417,,,,
,127046,,,,,(217) 626-1553,,,,
,125091,,,,,312-726-2938,,,,
,124271,,,,,(217) 452-3846,,,,
,122696,,,,,(217) 277-2100,,,,
,120291,,,,,(618) 457-3215,,,,
,120051,,,,,847-253-5675,,,,
,116926,,,,,618.594.6615,,,,
,116846,,,,,(312) 362-8701,,,,
,115956,,,,,(217) 753-4900,,,,
,113191,,,,,(618) 687-7300,,,,
,111926,,,,,312-971-5932,,,,
,111816,,,,,312-832-5127,,,,
,111236,,,,,773-542-9233,,,,
,110951,,,,,(217) 669-2312,,,,
,110891,,,,,(630) 231-1552,,,,
,107056,,,,,(630) 906-9546,,,,
,107051,,,,,(630) 462-7660,,,,
,106701,,,,,(309) 676-3832,,,,
,105911,,,,,(312) 341-1070,,,,
,97541,,,,,312-640-2100,,,,
,95461,,,,,312-726-6072,,,,
,95451,,,,,312-726-6072,,,,
,93656,,,,,312-666-1323,,,,
,91716,,,,,(847) 590-8955,,,,
,91701,,,,,no phone,,,,
,91686,,,,,no phone,,,,
,91681,,,,,no phone,,,,
,91046,,,,,(847) 945-3311,,,,
,90821,,,,,(618) 457-7930,,,,
,90816,,,,,(309) 786-6868,,,,
,90811,,,,,(217) 544-0464,,,,
,90531,,,,,309-829-8703,,,,
,90261,,,,,(618) 271-7820,,,,
,89631,,,,,309-829-8703,,,,
,88961,,,,,(847) 737-4042,,,,
,88496,,,,,617-287-7307,,,,
,86811,,,,,(312) 663-4413,,,,
,85656,,,,,(309) 345-3859,,,,
,76556,,,,,309-829-8703,,,,
,64191,,,,,(217) 742-9042,,,,
,64181,,,,,(217) 528-3882,,,,
,63851,,,,,(217) 479-4619,,,,
,63841,,,,,(217) 532-3662,,,,
,63511,,,,,(217) 632-3208,,,,
,54731,,,,,(309) 543-4515,,,,
,54721,,,,,(217) 854-3622,,,,
,54711,,,,,(217) 742-6132,,,,
,54691,,,,,(618) 498-3483,,,,
,54671,,,,,(217) 942-6414,,,,
,54331,,,,,(217) 824-4263,,,,
,53946,,,,,312-738-2452,,,,
,52966,,,,,(618) 456-8970,,,,
,51956,,,,,(217) 323-2355,,,,
,51931,,,,,(630) 407-8811,,,,
,51901,,,,,(217) 664-3572,,,,
,51866,,,,,(630) 553-4028,,,,
,51841,,,,,(217) 849-2072,,,,
,51816,,,,,(217) 489-9033,,,,
,51806,,,,,(217) 669-2312,,,,
,51746,,,,,(217) 763-5001,,,,
,51726,,,,,(217) 578-2727,,,,
,51711,,,,,(217) 768-4700,,,,
,51696,,,,,(217) 783-2616,,,,
,51666,,,,,(618) 428-5223,,,,
,51606,,,,,(618) 273-7922,,,,
,51531,,,,,(618) 542-5045,,,,
,51506,,,,,(217) 873-4468,,,,
,51496,,,,,(217) 665-3014,,,,
,51486,,,,,(217) 543-2037,,,,
,51461,,,,,(217) 229-4471,,,,
,51446,,,,,(217) 324-3866,,,,
,51436,,,,,(240) 777-9120,,,,
,51406,,,,,(309) 298-2722,,,,
,51396,,,,,(309) 772-2060,,,,
,51366,,,,,(309) 652-3166,,,,
,51336,,,,,(618) 547-3250,,,,
,51326,,,,,(618) 532-5222,,,,
,51286,,,,,(217) 792-5919,,,,
,51266,,,,,(815) 692.3231,,,,
,51246,,,,,(815) 998-2012,,,,
,51231,,,,,(815) 284-5234,,,,
,51191,,,,,(815) 695-5851,,,,
,51171,,,,,(630) 552-2009,,,,
,51146,,,,,(630) 978-1024,,,,
,50811,,,,,(815) 939-4564,,,,
,50556,,,,,(217) 283-6711,,,,
,49926,,,,,(618) 378-3713,,,,
,49911,,,,,(815) 625-1370,,,,
,49896,,,,,(312) 332-1624,,,,
,49886,,,,,(312) 332-1624,,,,
,49876,,,,,(312) 332-1624,,,,
,49866,,,,,(312) 773-1068 ext. 321,,,,
,49846,,,,,(312) 332-1624,,,,
,49796,,,,,(773) 846-6100,,,,
,49751,,,,,(773) 973-4444 ext. 124,,,,
,49736,,,,,(312) 332-1624,,,,
,49721,,,,,(312) 332-1624,,,,
,49641,,,,,(773) 588-2620,,,,
,49631,,,,,(312) 798-2399,,,,
,49606,,,,,(312) 226-7887,,,,
,49586,,,,,(312) 332-1624,,,,
,49406,,,,,(309) 527-4360,,,,
,49401,,,,,(309) 367-4594,,,,
,49386,,,,,(312) 332-1624,,,,
,49376,,,,,(847) 568-1525,,,,
,49366,,,,,(312) 332-1624,,,,
,49356,,,,,(773) 631-0883,,,,
,49346,,,,,(312) 432-2282,,,,
,49331,,,,,(773) 973-1000,,,,
,49321,,,,,(773) 883-4663,,,,
,38441,,,,,(618) 783-8141,,,,
,38381,,,,,(618) 453-3217; (618) 536-7711,,,,
,37801,,,,,(309) 852-4505,,,,
,37756,,,,,(309) 944-6452,,,,
,37361,,,,,(815) 686-9234,,,,
,37351,,,,,(217) 388-2421,,,,
,37341,,,,,(217) 784-5343,,,,
,37276,,,,,(217) 837-2412,,,,
,37266,,,,,(217) 268-4477,,,,
,36841,,,,,(815) 784-2627,,,,
,36786,,,,,(815) 756-7274,,,,
,36771,,,,,(815) 756-9568,,,,
,36746,,,,,(815) 895-2500,,,,
,36716,,,,,(815) 634-4552,,,,
,36701,,,,,(217) 895-3944,,,,
,36686,,,,,(618) 586-9711,,,,
,36646,,,,,(618) 584-3636,,,,
,36621,,,,,(618) 563-9603,,,,
,36546,,,,,(217) 636-8047,,,,
,36531,,,,,(815) 740-2660,,,,
,36511,,,,,(309) 245-2175,,,,
,36501,,,,,(309) 785-5496,,,,
,36446,,,,,(309) 647-0328,,,,
,36431,,,,,(618) 932-3313,,,,
,36406,,,,,618-544-2917,,,,
,36171,,,,,(224) 999-5383,,,,
,36166,,,,,618.526.7361,,,,
,36156,,,,,618.588.4554,,,,
,36146,,,,,618.224.7662,,,,
,36136,,,,,618.523.4820,,,,
,36126,,,,,(708) 995-3797,,,,
,36111,,,,,618.495.9955,,,,
,35981,,,,,(217) 773-2013,,,,
,34986,,,,,(618) 281-4237,,,,
,34971,,,,,(309) 596-2620,,,,
,34956,,,,,(217) 562-2326,,,,
,34921,,,,,(618) 664-3115,,,,
,33846,,,,,312-726-2938,,,,
,32771,,,,,(618) 983-6359,,,,
,32766,,,,,(618) 982-2141,,,,
,31406,,,,,(312) 660-1370,,,,
,31396,,,,,(312) 660-1370,,,,
,30241,,,,,(630) 232-9415,,,,
,30051,,,,,(312) 341-1070,,,,
,30041,,,,,(312) 435-5691,,,,
,30026,,,,,(312) 347-8340,,,,
,30011,,,,,(312) 745-1132,,,,
,30001,,,,,(312) 747-2272,,,,
,29986,,,,,(312) 743-0312,,,,
,29971,,,,,(312) 742-8727,,,,
,29956,,,,,(312) 744-9294,,,,
,29936,,,,,(312) 572-5994,,,,
,29891,,,,,(312) 341-1070,,,,
,29501,,,,,618-398-0574,,,,
,29391,,,,,(847) 662-6925,,,,
,29116,,,,,(773) 371-3642,,,,
,28866,,,,,708-974-2300,,,,
,28716,,,,,(773) 763-8520,,,,
,28481,,,,,312-977-9047,,,,
,27801,,,,,(815) 319-4526,,,,
,27806,,,,,(309) 467-2922,,,,
,27811,,,,,(312) 795-9115,,,,
,27816,,,,,(773) 583-9191,,,,
,27821,,,,,815.288.1232,,,,
,27826,,,,,(312) 603-0600,,,,
,27551,,,,,(618) 253-7455,,,,
,27561,,,,,(312) 263-3830,,,,
,27566,,,,,,,,,
,27571,,,,,(217) 742-3150,,,,
,27576,,,,,no phone,,,,
,27581,,,,,618-282-1414,,,,
,27586,,,,,618-533-0475,,,,
,27591,,,,,217-342-6623,,,,
,27596,,,,,618-283-1414,,,,
,27601,,,,,(217) 774-4432,,,,
,27606,,,,,618-453-3217,,,,
,27611,,,,,217-726-5100,,,,
,27616,,,,,(708) 633-9700,,,,
,27621,,,,,(618) 825-2634,,,,
,27626,,,,,(309) 286-5791,,,,
,27631,,,,,(815) 233-3000,,,,
,27636,,,,,618.392.3556,,,,
,27641,,,,,(815) 758-6616,,,,
,27646,,,,,(309) 477-2201,,,,
,27651,,,,,309-691-0551,,,,
,27656,,,,,3125542000,,,,
,27671,,,,,(312) 939-3638,,,,
,27681,,,,,(312) 201-9740 x331,,,,
,27686,,,,,618.529.2324,,,,
,27691,,,,,773 702-9560,,,,
,27696,,,,,815-338-8081,,,,
,27701,,,,,312-886-1706,,,,
,27706,,,,,312-886-1706,,,,
,27711,,,,,(618) 833-2521,,,,
,27716,,,,,,,,,
,27721,,,,,,,,,
,27726,,,,,773-769-1411,,,,
,27731,,,,,(217) 477-5220,,,,
,27736,,,,,618.235.0892,,,,
,27741,,,,,815.235.1641,,,,
,27746,,,,,(618) 263-3531,,,,
,27751,,,,,(309) 734-3166,,,,
,27756,,,,,618.327.3827,,,,
,27761,,,,,(618) 842-4516,,,,
,27766,,,,,217-224-8080,,,,
,27771,,,,,708-338-2662,,,,
,27776,,,,,(618) 382.5277,,,,
,27781,,,,,(815) 772-7323,,,,
,27786,,,,,(815) 726-0383,,,,
,27791,,,,,(815) 727-8540,,,,
,27796,,,,,(618) 993-5935,,,,
,27301,,,,,(309) 833-2714,,,,
,27306,,,,,(815) 334-0317,,,,
,27311,,,,,(309) 888-5301,,,,
,27316,,,,,(217) 632-2807,,,,
,27321,,,,,(309) 582-2032,,,,
,27326,,,,,773-292-4980,,,,
,27331,,,,,312-427-0701,,,,
,27336,,,,,309.827.7070,,,,
,27341,,,,,(618) 939-6232,,,,
,27346,,,,,(217) 532-3055,,,,
,27351,,,,,(217) 243-5435,,,,
,27356,,,,,(217) 728-7221,,,,
,27361,,,,,630.897.0080,,,,
,27366,,,,,(312) 660-1370,,,,
,27371,,,,,312-913-0039,,,,
,27376,,,,,(815) 753-1000,,,,
,27381,,,,,847-564-4800,,,,
,27386,,,,,,,,,
,27391,,,,,(847) 221-2601,,,,
,27396,,,,,(312) 503-8576,,,,
,27401,,,,,618.465.1978,,,,
,27406,,,,,312.433.4300,,,,
,27411,,,,,,,,,
,27416,,,,,(815) 732-3201,,,,
,27421,,,,,,,,,
,27426,,,,,618-533-7233,,,,
,27431,,,,,618.533.7233,,,,
,27436,,,,,(309) 674-1224,,,,
,27441,,,,,(309) 672-6084,,,,
,27446,,,,,(618) 357-2410,,,,
,27451,,,,,618.451.1008,,,,
,27456,,,,,(217) 762-4676,,,,
,27461,,,,,(217) 285-2200,,,,
,27466,,,,,(618) 683-6531,,,,
,27476,,,,,312-977-9047,,,,
,27481,,,,,312-832-5129,,,,
,27486,,,,,312-508-3355,,,,
,27491,,,,,,,,,
,27496,,,,,312-832-5127,,,,
,27501,,,,,(618) 745-6610,,,,
,27506,,,,,(815) 925-7016,,,,
,27511,,,,,217.222.0069,,,,
,27516,,,,,(618) 826.3711,,,,
,27521,,,,,815-962-6102,,,,
,27526,,,,,(312) 922-6463,,,,
,27531,,,,,(618) 392-3711,,,,
,27536,,,,,(309) 558-3313,,,,
,27546,,,,,815.756.5228,,,,
,27051,,,,,618.658.9318,,,,
,27056,,,,,312-546-3282,,,,
,27061,,,,,(630) 301-6906,,,,
,27066,,,,,847-424-0300,,,,
,27071,,,,,(630) 762-1900,,,,
,27081,,,,,312-666-1331,,,,
,27086,,,,,815-933-0469,,,,
,27091,,,,,(815) 937-2915,,,,
,27096,,,,,(630) 553-4354,,,,
,27101,,,,,309.343.6118,,,,
,27106,,,,,(312) 341-1070,,,,
,27111,,,,,(847) 244-3143,,,,
,27116,,,,,(847) 377-2267,,,,
,27131,,,,,(815) 433-9198,,,,
,27136,,,,,(773) 276-5338,,,,
,27141,,,,,(773) 542-7077,,,,
,27151,,,,,(773) 762-6381,,,,
,27156,,,,,(618) 943.3016,,,,
,27161,,,,,(312) 347-7600,,,,
,27166,,,,,(312) 649-4111,,,,
,27171,,,,,312-938-2906,,,,
,27176,,,,,(815) 284.7261,,,,
,27181,,,,,312-673-2740,,,,
,27186,,,,,312-986-4200,,,,
,27191,,,,,(312) 427-8990,,,,
,27196,,,,,(312) 807-4401,,,,
,27201,,,,,(312) 408-1210,,,,
,27206,,,,,(815) 844-3396,,,,
,27211,,,,,217.732.7011,,,,
,27216,,,,,(217) 732.8878,,,,
,27221,,,,,312-915-7130,,,,
,27226,,,,,312-915-7940,,,,
,27231,,,,,312-915-7830,,,,
,27236,,,,,312 915 6775,,,,
,27241,,,,,312-915-7176,,,,
,27246,,,,,312.915.7120,,,,
,27251,,,,,(312) 503-1271,,,,
,27256,,,,,(217) 424-1372,,,,
,27261,,,,,(217) 854.3505,,,,
,27266,,,,,(618) 692-6240,,,,
,27271,,,,,773-702-9611,,,,
,27276,,,,,(618) 548-3006,,,,
,27281,,,,,(708) 232-4170,,,,
,27286,,,,,(309) 246-2855,,,,
,27291,,,,,(309) 543-4701,,,,
,27296,,,,,(618) 524-4312,,,,
,26801,,,,,(618) 438-7511,,,,
,26806,,,,,815.872.0087,,,,
,26811,,,,,(309) 547-3041,,,,
,26816,,,,,(618) 269-3761,,,,
,26821,,,,,(217) 942-5443,,,,
,26826,,,,,(815) 942-6880,,,,
,26831,,,,,815-729-0930,,,,
,26836,,,,,618-524-4357,,,,
,26841,,,,,217-428-3458,,,,
,26846,,,,,815.562.8890,,,,
,26851,,,,,(618) 643-2125,,,,
,26856,,,,,(217) 357-3232,,,,
,26861,,,,,,,,,
,26866,,,,,(618) 285-6213,,,,
,26871,,,,,312-223-9600,,,,
,26876,,,,,312-915-7872,,,,
,26881,,,,,(309) 627.2450,,,,
,26886,,,,,(309) 937-2233,,,,
,26891,,,,,312-554-2045,,,,
,26896,,,,,217.348.5931,,,,
,26901,,,,,(312) 939-6074,,,,
,26906,,,,,312-726-6072,,,,
,26911,,,,,312-663-5120,,,,
,26916,,,,,312-554-8303,,,,
,26921,,,,,312-332-7360,,,,
,26926,,,,,312-938-2381,,,,
,26931,,,,,866-274-8023,,,,
,26936,,,,,(312) 593-6998,,,,
,26946,,,,,815-462-4620,,,,
,26956,,,,,(312) 814-7166,,,,
,26961,,,,,217-525-5297 (LAWS),,,,
,26966,,,,,(773) 973-4444,,,,
,26971,,,,,773-834-3129,,,,
,26976,,,,,,,,,
,26981,,,,,,,,,
,26986,,,,,,,,,
,26991,,,,,(815) 432-6960,,,,
,26996,,,,,(618) 457-0354,,,,
,27001,,,,,(847) 492-1410,,,,
,27011,,,,,(618) 242-6322,,,,
,27016,,,,,(618) 498-9514,,,,
,27021,,,,,(815) 777-0200,,,,
,27026,,,,,312-503-6300,,,,
,27031,,,,,312-786-2267,,,,
,27036,,,,,312 360 2656,,,,
,27041,,,,,,,,,
,27046,,,,,(618) 658-5051,,,,
,26551,,,,,630-246-0800,,,,
,26556,,,,,815.777.3681,,,,
,26561,,,,,(217) 824-4736,,,,
,26566,,,,,877.895.2444,,,,
,26571,,,,,630-833-4080,,,,
,26576,,,,,312-777-1913,,,,
,26581,,,,,(217) 826-2535,,,,
,26586,,,,,(618) 662-6553,,,,
,26596,,,,,(217) 345-4913,,,,
,26601,,,,,(312) 999-0056,,,,
,26606,,,,,847.697.2380,,,,
,26611,,,,,312-663-9057,,,,
,26616,,,,,(312) 630-1157,,,,
,26621,,,,,312-332-6690,,,,
,26626,,,,,(312) 212-1520,,,,
,26631,,,,,(312) 433-4928,,,,
,26636,,,,,(618) 592-3001,,,,
,26641,,,,,(217) 923-3616,,,,
,26646,,,,,(312) 603-5626,,,,
,26651,,,,,(312) 603-5626,,,,
,26656,,,,,312.765.7587,,,,
,26661,,,,,(815) 895-7138,,,,
,26666,,,,,no phone,,,,
,26671,,,,,(217) 935-5174,,,,
,26676,,,,,1-866-843-2572,,,,
,26681,,,,,,,,,
,26686,,,,,(312) 325-9155,,,,
,26691,,,,,312-827-2450,,,,
,26696,,,,,(217) 253-3812,,,,
,26701,,,,,217.423.2238,,,,
,26706,,,,,630-653-6212,,,,
,26711,,,,,(630) 653-9109,,,,
,26716,,,,,630-407-8858,,,,
,26721,,,,,(217) 463.3950,,,,
,26726,,,,,(618) 445-3314,,,,
,26731,,,,,(773) 702-9611,,,,
,26736,,,,,(217) 342.2464,,,,
,26741,,,,,(312) 503-3420,,,,
,26746,,,,,312-673-6500,,,,
,26751,,,,,(312) 341-0022,,,,
,26756,,,,,(312) 666-3430,,,,
,26761,,,,,(312) 251-9800,,,,
,26766,,,,,630.469.5650,,,,
,26771,,,,,630-407-8563,,,,
,26776,,,,,(847) 668-2114,,,,
,26781,,,,,(618) 283-2824,,,,
,26786,,,,,,,,,
,26791,,,,,1-800-LAW-REP-4,,,,
,26796,,,,,(217) 379-3431,,,,
,26301,,,,,847.249.4450,,,,
,26306,,,,,312-988-5759,,,,
,26311,,,,,312-988-5755,,,,
,26321,,,,,(312) 201-9740,,,,
,26326,,,,,312.427.3325,,,,
,26331,,,,,(217) 223-1309,,,,
,26336,,,,,(847) 844-1100,,,,
,26341,,,,,1-800-892-3375,,,,
,26346,,,,,(618) 734-1840,,,,
,26351,,,,,312-939-0838,,,,
,26356,,,,,312-988-5000,,,,
,26361,,,,,847-679-8289,,,,
,26366,,,,,618.252.8380,,,,
,26371,,,,,773. 271. 0899,,,,
,26376,,,,,312.458.0984,,,,
,26381,,,,,847-478-8200,,,,
,26386,,,,,312-427-8330,,,,
,26391,,,,,(618) 664-3208,,,,
,26396,,,,,(815) 544-3103,,,,
,26406,,,,,(815) 875-1331,,,,
,26411,,,,,312-641-5570,,,,
,26416,,,,,312 386 2829,,,,
,26421,,,,,312-738-2452,,,,
,26426,,,,,618.734.4357,,,,
,26431,,,,,(618) 576-2451,,,,
,26436,,,,,(312) 738-9200,,,,
,26441,,,,,(815) 244-1751,,,,
,26446,,,,,(217) 452-3846,,,,
,26451,,,,,(312) 948-6821,,,,
,26456,,,,,217-523-9201,,,,
,26461,,,,,312-922-6464,,,,
,26466,,,,,(312) 376-1880,,,,
,26471,,,,,312-252-0280,,,,
,26476,,,,,773-472-6469,,,,
,26481,,,,,(773) 508-5300,,,,
,26486,,,,,(217) 384-3725,,,,
,26491,,,,,773-244-2230,,,,
,26496,,,,,(312) 223-9870,,,,
,26501,,,,,312-988-6565,,,,
,26506,,,,,(312) 641-4140,,,,
,26511,,,,,,,,,
,26516,,,,,(312) 630-9744,,,,
,26521,,,,,773-731-1762,,,,
,26526,,,,,(312)750-0730,,,,
,26531,,,,,(312) 332-1624,,,,
,26536,,,,,,,,,
,26541,,,,,,,,,
,26546,,,,,312-906-5050,,,,
,26206,,,,,(309) 827-5021,,,,
,26211,,,,,(309) 343-2141,,,,
,26216,,,,,(815) 727-5123,,,,
,26221,,,,,(815) 935-2750,,,,
,26226,,,,,(815) 344-9113,,,,
,26231,,,,,(815) 434-5903,,,,
,26236,,,,,(309) 674-9831,,,,
,26241,,,,,(309) 794-1328,,,,
,26246,,,,,(815) 965-2902,,,,
,26251,,,,,630-232-9415,,,,
,26261,,,,,(630) 690-2130,,,,
,26266,,,,,(312) 986-4200,,,,
,26271,,,,,(847) 492-1410,,,,
,26276,,,,,(312) 939-3638,,,,
,26281,,,,,,,,,
,25956,,,,,312-988-5783,,,,
,25961,,,,,312.988.5783,,,,
,25966,,,,,(312) 738-9200,,,,
,25971,,,,,(312) 332-1624,,,,
,25976,,,,,312-738-9200,,,,
,25981,,,,,(312) 376-1880,,,,
,25986,,,,,312-554-2000,,,,
,25996,,,,,(773) 854-1610,,,,
,26001,,,,,312-726-2938,,,,
,26006,,,,,312-726-2938,,,,
,26011,,,,,(312) 226-2669,,,,
,26016,,,,,312-726-2938,,,,
,26026,,,,,,,,,
,26031,,,,,(312) 332-1624,,,,
,26036,,,,,312-738-9200,,,,
,26041,,,,,312-738-9200,,,,
,26066,,,,,312-738-2452,,,,
,26076,,,,,(312) 332-1624,,,,
,26086,,,,,312.554.1204,,,,
,26101,,,,,(312) 433-5655,,,,
,26111,,,,,(312) 341-1070,,,,
,26116,,,,,(312) 341-1070,,,,
,26126,,,,,(312) 341-1070,,,,
,26131,,,,,(618) 398-0958,,,,
,26136,,,,,217-356-1351,,,,
,26141,,,,,618-394-7300,,,,
,26146,,,,,217-529-8400,,,,
,26151,,,,,(618) 457-7800,,,,
,26156,,,,,618-462-0029,,,,
,26161,,,,,(630) 406-7126,,,,
,26166,,,,,(773) 884-3310,,,,
,26176,,,,,312-986-4200,,,,
